bottom-left-square	L
bottom-left-square	L
bottom-left-square	L
bottom-left-square	L
bottom-left-square	L
bottom-left-square	L
bottom-left-square	L
bottom-left-square	L
bottom-left-square	L
bottom-left-square	L
bottom-left-square	L
bottom-left-square	L
bottom-left-square	L
bottom-left-square	L
bottom-left-square	L
bottom-left-square	L
bottom-left-square	L
bottom-left-square	L
bottom-left-square	L
bottom-left-square	L
bottom-left-square	L
bottom-left-square	L
bottom-left-square	L
bottom-left-square	L
bottom-left-square	L
bottom-left-square	L
bottom-left-square	L
bottom-left-square	L
bottom-left-square	L
bottom-left-square	L
bottom-left-square	L
bottom-left-square	L
bottom-left-square	L
bottom-left-square	L
bottom-left-square	L
bottom-left-square	L
bottom-left-square	L
bottom-left-square	L
bottom-left-square	L
bottom-left-square	L
bottom-left-square	L
bottom-left-square	L
bottom-left-square	L
bottom-left-square	L
bottom-left-square	L
bottom-left-square	L
bottom-left-square	L
bottom-left-square	L
bottom-left-square	L
bottom-left-square	L
bottom-left-square	L
bottom-left-square	L
bottom-left-square	L
bottom-left-square	L
bottom-left-square	L
bottom-left-square	L
bottom-left-square	L
bottom-left-square	L
bottom-left-square	L
bottom-left-square	L
bottom-left-square	L
bottom-left-square	L
bottom-left-square	L
bottom-left-square	L
bottom-left-square	L
bottom-left-square	L
bottom-left-square	L
bottom-left-square	L
bottom-left-square	L
bottom-left-square	L
bottom-left-square	L
bottom-left-square	L
bottom-left-square	L
bottom-left-square	L
bottom-left-square	L
bottom-left-square	L
bottom-left-square	L
bottom-left-square	L
bottom-left-square	L
bottom-left-square	L
bottom-left-square	L
bottom-left-square	L
bottom-left-square	L
bottom-left-square	L
bottom-left-square	L
bottom-left-square	L
bottom-left-square	L
bottom-left-square	L
bottom-left-square	L
bottom-left-square	L
bottom-left-square	L
bottom-left-square	L
bottom-left-square	L
bottom-left-square	L
bottom-left-square	L
bottom-left-square	L
bottom-left-square	L
bottom-left-square	L
bottom-left-square	L
bottom-left-square	L
bottom-left-square	L
bottom-left-square	L
bottom-left-square	L
bottom-left-square	L
bottom-left-square	L
bottom-left-square	L
bottom-left-square	L
bottom-left-square	L
bottom-left-square	L
bottom-left-square	L
bottom-left-square	L
bottom-left-square	L
bottom-left-square	L
bottom-left-square	L
bottom-left-square	L
bottom-left-square	L
bottom-left-square	L
bottom-left-square	L
bottom-left-square	L
bottom-left-square	L
bottom-left-square	L
bottom-left-square	L
bottom-left-square	L
bottom-left-square	W
bottom-left-square	W
bottom-left-square	W
bottom-left-square	W
bottom-left-square	W
bottom-left-square	W
bottom-left-square	W
bottom-left-square	W
bottom-left-square	W
bottom-left-square	W
bottom-left-square	W
bottom-left-square	W
bottom-left-square	W
bottom-left-square	W
bottom-left-square	W
bottom-left-square	W
bottom-left-square	W
bottom-left-square	W
bottom-left-square	W
bottom-left-square	W
bottom-left-square	W
bottom-left-square	W
bottom-left-square	W
bottom-left-square	W
bottom-left-square	W
bottom-left-square	W
bottom-left-square	W
bottom-left-square	W
bottom-left-square	W
bottom-left-square	W
bottom-left-square	W
bottom-left-square	W
bottom-left-square	W
bottom-left-square	W
bottom-left-square	W
bottom-left-square	W
bottom-left-square	W
bottom-left-square	W
bottom-left-square	W
bottom-left-square	W
bottom-left-square	W
bottom-left-square	W
bottom-left-square	W
bottom-left-square	W
bottom-left-square	W
bottom-left-square	W
bottom-left-square	W
bottom-left-square	W
bottom-left-square	W
bottom-left-square	W
bottom-left-square	W
bottom-left-square	W
bottom-left-square	W
bottom-left-square	W
bottom-left-square	W
bottom-left-square	W
bottom-left-square	W
bottom-left-square	W
bottom-left-square	W
bottom-left-square	W
bottom-left-square	W
bottom-left-square	W
bottom-left-square	W
bottom-left-square	W
bottom-left-square	W
bottom-left-square	W
bottom-left-square	W
bottom-left-square	W
bottom-left-square	W
bottom-left-square	W
bottom-left-square	W
bottom-left-square	W
bottom-left-square	W
bottom-left-square	W
bottom-left-square	W
bottom-left-square	W
bottom-left-square	W
bottom-left-square	W
bottom-left-square	W
bottom-left-square	W
bottom-left-square	W
bottom-left-square	W
bottom-left-square	W
bottom-left-square	W
bottom-left-square	W
bottom-left-square	W
bottom-left-square	W
bottom-left-square	W
bottom-left-square	W
bottom-left-square	W
bottom-left-square	W
bottom-left-square	W
bottom-left-square	W
bottom-left-square	W
bottom-left-square	W
bottom-left-square	W
bottom-left-square	W
bottom-left-square	W
bottom-left-square	W
bottom-left-square	W
bottom-left-square	W
bottom-left-square	W
bottom-left-square	W
bottom-left-square	W
bottom-left-square	W
bottom-left-square	W
bottom-left-square	W
bottom-left-square	W
bottom-left-square	W
bottom-left-square	W
bottom-left-square	W
bottom-left-square	W
bottom-left-square	W
bottom-left-square	W
bottom-left-square	W
bottom-left-square	W
bottom-left-square	W
bottom-left-square	W
bottom-left-square	W
bottom-left-square	W
bottom-left-square	W
bottom-left-square	W
bottom-left-square	W
bottom-left-square	W
bottom-left-square	W
bottom-left-square	W
bottom-left-square	W
bottom-left-square	W
bottom-left-square	W
bottom-left-square	W
bottom-left-square	W
bottom-left-square	W
bottom-left-square	W
bottom-left-square	W
bottom-left-square	W
bottom-left-square	W
bottom-left-square	W
bottom-left-square	W
bottom-left-square	W
bottom-left-square	W
bottom-left-square	W
bottom-left-square	W
bottom-left-square	W
bottom-left-square	W
bottom-left-square	W
bottom-left-square	W
bottom-left-square	W
bottom-left-square	W
bottom-left-square	W
bottom-left-square	W
bottom-left-square	W
bottom-left-square	W
bottom-left-square	W
bottom-left-square	W
bottom-left-square	W
bottom-left-square	W
bottom-left-square	W
bottom-left-square	W
bottom-left-square	W
bottom-left-square	W
bottom-left-square	W
bottom-left-square	W
bottom-left-square	W
bottom-left-square	W
bottom-left-square	W
bottom-left-square	W
bottom-left-square	W
bottom-left-square	W
bottom-left-square	W
bottom-left-square	W
bottom-left-square	W
bottom-left-square	W
bottom-left-square	W
bottom-left-square	W
bottom-left-square	W
bottom-left-square	W
bottom-left-square	W
bottom-left-square	W
bottom-left-square	W
bottom-left-square	W
bottom-left-square	W
bottom-left-square	W
bottom-left-square	W
bottom-left-square	W
bottom-left-square	W
bottom-left-square	W
bottom-left-square	W
bottom-left-square	W
bottom-left-square	W
bottom-left-square	W
bottom-left-square	W
bottom-left-square	W
bottom-left-square	W
bottom-left-square	W
bottom-left-square	W
bottom-left-square	W
bottom-left-square	W
bottom-left-square	W
bottom-left-square	W
bottom-left-square	W
bottom-left-square	W
bottom-left-square	W
bottom-left-square	W
bottom-left-square	W
bottom-left-square	W
bottom-left-square	W
bottom-left-square	W
bottom-left-square	W
bottom-left-square	W
bottom-left-square	W
bottom-left-square	W
bottom-left-square	W
bottom-left-square	W
bottom-left-square	W
bottom-left-square	W
bottom-left-square	W
bottom-left-square	W
bottom-left-square	W
bottom-left-square	W
bottom-left-square	W
bottom-left-square	W
bottom-left-square	W
bottom-left-square	W
bottom-left-square	W
bottom-left-square	W
bottom-left-square	W
bottom-left-square	W
bottom-left-square	W
bottom-left-square	W
bottom-left-square	W
bottom-left-square	W
bottom-left-square	W
bottom-left-square	W
bottom-left-square	W
bottom-left-square	W
bottom-left-square	W
bottom-left-square	W
bottom-left-square	W
bottom-left-square	W
bottom-left-square	W
bottom-left-square	W
bottom-left-square	W
bottom-left-square	W
bottom-left-square	W
bottom-left-square	W
bottom-left-square	W
bottom-left-square	W
bottom-left-square	W
bottom-left-square	W
bottom-left-square	W
bottom-left-square	W
bottom-left-square	W
bottom-left-square	W
bottom-left-square	W
bottom-left-square	W
bottom-left-square	W
bottom-left-square	W
bottom-left-square	W
bottom-left-square	W
bottom-left-square	W
bottom-left-square	W
bottom-left-square	W
bottom-left-square	W
bottom-left-square	W
bottom-left-square	W
bottom-left-square	W
bottom-left-square	W
bottom-left-square	W
bottom-left-square	W
bottom-left-square	W
bottom-left-square	W
bottom-left-square	W
bottom-left-square	W
bottom-left-square	W
bottom-left-square	W
bottom-left-square	W
bottom-left-square	W
bottom-left-square	W
bottom-left-square	W
bottom-left-square	W
bottom-left-square	W
bottom-left-square	W
bottom-left-square	W
bottom-left-square	W
bottom-left-square	W
bottom-left-square	W
bottom-left-square	W
bottom-left-square	W
bottom-left-square	W
bottom-left-square	W
bottom-left-square	W
bottom-left-square	W
bottom-left-square	W
bottom-left-square	W
bottom-left-square	W
bottom-middle-square	L
bottom-middle-square	L
bottom-middle-square	L
bottom-middle-square	L
bottom-middle-square	L
bottom-middle-square	L
bottom-middle-square	L
bottom-middle-square	L
bottom-middle-square	L
bottom-middle-square	L
bottom-middle-square	L
bottom-middle-square	L
bottom-middle-square	L
bottom-middle-square	L
bottom-middle-square	L
bottom-middle-square	L
bottom-middle-square	L
bottom-middle-square	L
bottom-middle-square	L
bottom-middle-square	L
bottom-middle-square	L
bottom-middle-square	L
bottom-middle-square	L
bottom-middle-square	L
bottom-middle-square	L
bottom-middle-square	L
bottom-middle-square	L
bottom-middle-square	L
bottom-middle-square	L
bottom-middle-square	L
bottom-middle-square	L
bottom-middle-square	L
bottom-middle-square	L
bottom-middle-square	L
bottom-middle-square	L
bottom-middle-square	L
bottom-middle-square	L
bottom-middle-square	L
bottom-middle-square	L
bottom-middle-square	L
bottom-middle-square	L
bottom-middle-square	L
bottom-middle-square	L
bottom-middle-square	L
bottom-middle-square	L
bottom-middle-square	L
bottom-middle-square	L
bottom-middle-square	L
bottom-middle-square	L
bottom-middle-square	L
bottom-middle-square	L
bottom-middle-square	L
bottom-middle-square	L
bottom-middle-square	L
bottom-middle-square	L
bottom-middle-square	L
bottom-middle-square	L
bottom-middle-square	L
bottom-middle-square	L
bottom-middle-square	L
bottom-middle-square	L
bottom-middle-square	L
bottom-middle-square	L
bottom-middle-square	L
bottom-middle-square	L
bottom-middle-square	L
bottom-middle-square	L
bottom-middle-square	L
bottom-middle-square	L
bottom-middle-square	L
bottom-middle-square	L
bottom-middle-square	L
bottom-middle-square	L
bottom-middle-square	L
bottom-middle-square	L
bottom-middle-square	L
bottom-middle-square	L
bottom-middle-square	L
bottom-middle-square	L
bottom-middle-square	L
bottom-middle-square	L
bottom-middle-square	L
bottom-middle-square	L
bottom-middle-square	L
bottom-middle-square	L
bottom-middle-square	L
bottom-middle-square	L
bottom-middle-square	L
bottom-middle-square	L
bottom-middle-square	L
bottom-middle-square	L
bottom-middle-square	L
bottom-middle-square	L
bottom-middle-square	L
bottom-middle-square	L
bottom-middle-square	L
bottom-middle-square	L
bottom-middle-square	L
bottom-middle-square	L
bottom-middle-square	L
bottom-middle-square	L
bottom-middle-square	L
bottom-middle-square	L
bottom-middle-square	L
bottom-middle-square	L
bottom-middle-square	L
bottom-middle-square	L
bottom-middle-square	L
bottom-middle-square	L
bottom-middle-square	L
bottom-middle-square	L
bottom-middle-square	L
bottom-middle-square	L
bottom-middle-square	L
bottom-middle-square	L
bottom-middle-square	L
bottom-middle-square	L
bottom-middle-square	L
bottom-middle-square	L
bottom-middle-square	L
bottom-middle-square	L
bottom-middle-square	L
bottom-middle-square	L
bottom-middle-square	L
bottom-middle-square	L
bottom-middle-square	L
bottom-middle-square	L
bottom-middle-square	L
bottom-middle-square	L
bottom-middle-square	L
bottom-middle-square	L
bottom-middle-square	L
bottom-middle-square	L
bottom-middle-square	L
bottom-middle-square	L
bottom-middle-square	L
bottom-middle-square	L
bottom-middle-square	L
bottom-middle-square	L
bottom-middle-square	L
bottom-middle-square	L
bottom-middle-square	L
bottom-middle-square	L
bottom-middle-square	L
bottom-middle-square	L
bottom-middle-square	L
bottom-middle-square	L
bottom-middle-square	L
bottom-middle-square	L
bottom-middle-square	L
bottom-middle-square	L
bottom-middle-square	L
bottom-middle-square	L
bottom-middle-square	W
bottom-middle-square	W
bottom-middle-square	W
bottom-middle-square	W
bottom-middle-square	W
bottom-middle-square	W
bottom-middle-square	W
bottom-middle-square	W
bottom-middle-square	W
bottom-middle-square	W
bottom-middle-square	W
bottom-middle-square	W
bottom-middle-square	W
bottom-middle-square	W
bottom-middle-square	W
bottom-middle-square	W
bottom-middle-square	W
bottom-middle-square	W
bottom-middle-square	W
bottom-middle-square	W
bottom-middle-square	W
bottom-middle-square	W
bottom-middle-square	W
bottom-middle-square	W
bottom-middle-square	W
bottom-middle-square	W
bottom-middle-square	W
bottom-middle-square	W
bottom-middle-square	W
bottom-middle-square	W
bottom-middle-square	W
bottom-middle-square	W
bottom-middle-square	W
bottom-middle-square	W
bottom-middle-square	W
bottom-middle-square	W
bottom-middle-square	W
bottom-middle-square	W
bottom-middle-square	W
bottom-middle-square	W
bottom-middle-square	W
bottom-middle-square	W
bottom-middle-square	W
bottom-middle-square	W
bottom-middle-square	W
bottom-middle-square	W
bottom-middle-square	W
bottom-middle-square	W
bottom-middle-square	W
bottom-middle-square	W
bottom-middle-square	W
bottom-middle-square	W
bottom-middle-square	W
bottom-middle-square	W
bottom-middle-square	W
bottom-middle-square	W
bottom-middle-square	W
bottom-middle-square	W
bottom-middle-square	W
bottom-middle-square	W
bottom-middle-square	W
bottom-middle-square	W
bottom-middle-square	W
bottom-middle-square	W
bottom-middle-square	W
bottom-middle-square	W
bottom-middle-square	W
bottom-middle-square	W
bottom-middle-square	W
bottom-middle-square	W
bottom-middle-square	W
bottom-middle-square	W
bottom-middle-square	W
bottom-middle-square	W
bottom-middle-square	W
bottom-middle-square	W
bottom-middle-square	W
bottom-middle-square	W
bottom-middle-square	W
bottom-middle-square	W
bottom-middle-square	W
bottom-middle-square	W
bottom-middle-square	W
bottom-middle-square	W
bottom-middle-square	W
bottom-middle-square	W
bottom-middle-square	W
bottom-middle-square	W
bottom-middle-square	W
bottom-middle-square	W
bottom-middle-square	W
bottom-middle-square	W
bottom-middle-square	W
bottom-middle-square	W
bottom-middle-square	W
bottom-middle-square	W
bottom-middle-square	W
bottom-middle-square	W
bottom-middle-square	W
bottom-middle-square	W
bottom-middle-square	W
bottom-middle-square	W
bottom-middle-square	W
bottom-middle-square	W
bottom-middle-square	W
bottom-middle-square	W
bottom-middle-square	W
bottom-middle-square	W
bottom-middle-square	W
bottom-middle-square	W
bottom-middle-square	W
bottom-middle-square	W
bottom-middle-square	W
bottom-middle-square	W
bottom-middle-square	W
bottom-middle-square	W
bottom-middle-square	W
bottom-middle-square	W
bottom-middle-square	W
bottom-middle-square	W
bottom-middle-square	W
bottom-middle-square	W
bottom-middle-square	W
bottom-middle-square	W
bottom-middle-square	W
bottom-middle-square	W
bottom-middle-square	W
bottom-middle-square	W
bottom-middle-square	W
bottom-middle-square	W
bottom-middle-square	W
bottom-middle-square	W
bottom-middle-square	W
bottom-middle-square	W
bottom-middle-square	W
bottom-middle-square	W
bottom-middle-square	W
bottom-middle-square	W
bottom-middle-square	W
bottom-middle-square	W
bottom-middle-square	W
bottom-middle-square	W
bottom-middle-square	W
bottom-middle-square	W
bottom-middle-square	W
bottom-middle-square	W
bottom-middle-square	W
bottom-middle-square	W
bottom-middle-square	W
bottom-middle-square	W
bottom-middle-square	W
bottom-middle-square	W
bottom-middle-square	W
bottom-middle-square	W
bottom-middle-square	W
bottom-middle-square	W
bottom-middle-square	W
bottom-middle-square	W
bottom-middle-square	W
bottom-middle-square	W
bottom-middle-square	W
bottom-middle-square	W
bottom-middle-square	W
bottom-middle-square	W
bottom-middle-square	W
bottom-middle-square	W
bottom-middle-square	W
bottom-middle-square	W
bottom-middle-square	W
bottom-middle-square	W
bottom-middle-square	W
bottom-middle-square	W
bottom-middle-square	W
bottom-middle-square	W
bottom-middle-square	W
bottom-middle-square	W
bottom-middle-square	W
bottom-middle-square	W
bottom-middle-square	W
bottom-middle-square	W
bottom-middle-square	W
bottom-middle-square	W
bottom-middle-square	W
bottom-middle-square	W
bottom-middle-square	W
bottom-middle-square	W
bottom-middle-square	W
bottom-middle-square	W
bottom-middle-square	W
bottom-middle-square	W
bottom-middle-square	W
bottom-middle-square	W
bottom-middle-square	W
bottom-middle-square	W
bottom-middle-square	W
bottom-middle-square	W
bottom-middle-square	W
bottom-middle-square	W
bottom-middle-square	W
bottom-middle-square	W
bottom-middle-square	W
bottom-middle-square	W
bottom-middle-square	W
bottom-middle-square	W
bottom-middle-square	W
bottom-middle-square	W
bottom-middle-square	W
bottom-middle-square	W
bottom-middle-square	W
bottom-middle-square	W
bottom-middle-square	W
bottom-middle-square	W
bottom-middle-square	W
bottom-middle-square	W
bottom-middle-square	W
bottom-middle-square	W
bottom-middle-square	W
bottom-middle-square	W
bottom-middle-square	W
bottom-middle-square	W
bottom-middle-square	W
bottom-middle-square	W
bottom-middle-square	W
bottom-middle-square	W
bottom-middle-square	W
bottom-right-square	L
bottom-right-square	L
bottom-right-square	L
bottom-right-square	L
bottom-right-square	L
bottom-right-square	L
bottom-right-square	L
bottom-right-square	L
bottom-right-square	L
bottom-right-square	L
bottom-right-square	L
bottom-right-square	L
bottom-right-square	L
bottom-right-square	L
bottom-right-square	L
bottom-right-square	L
bottom-right-square	L
bottom-right-square	L
bottom-right-square	L
bottom-right-square	L
bottom-right-square	L
bottom-right-square	L
bottom-right-square	L
bottom-right-square	L
bottom-right-square	L
bottom-right-square	L
bottom-right-square	L
bottom-right-square	L
bottom-right-square	L
bottom-right-square	L
bottom-right-square	L
bottom-right-square	L
bottom-right-square	L
bottom-right-square	L
bottom-right-square	L
bottom-right-square	L
bottom-right-square	L
bottom-right-square	L
bottom-right-square	L
bottom-right-square	L
bottom-right-square	L
bottom-right-square	L
bottom-right-square	L
bottom-right-square	L
bottom-right-square	L
bottom-right-square	L
bottom-right-square	L
bottom-right-square	L
bottom-right-square	L
bottom-right-square	L
bottom-right-square	L
bottom-right-square	L
bottom-right-square	L
bottom-right-square	L
bottom-right-square	L
bottom-right-square	L
bottom-right-square	L
bottom-right-square	L
bottom-right-square	L
bottom-right-square	L
bottom-right-square	L
bottom-right-square	L
bottom-right-square	L
bottom-right-square	L
bottom-right-square	L
bottom-right-square	L
bottom-right-square	L
bottom-right-square	L
bottom-right-square	L
bottom-right-square	L
bottom-right-square	L
bottom-right-square	L
bottom-right-square	L
bottom-right-square	L
bottom-right-square	L
bottom-right-square	L
bottom-right-square	L
bottom-right-square	L
bottom-right-square	L
bottom-right-square	L
bottom-right-square	L
bottom-right-square	L
bottom-right-square	L
bottom-right-square	L
bottom-right-square	L
bottom-right-square	L
bottom-right-square	L
bottom-right-square	L
bottom-right-square	L
bottom-right-square	L
bottom-right-square	L
bottom-right-square	L
bottom-right-square	L
bottom-right-square	L
bottom-right-square	L
bottom-right-square	L
bottom-right-square	L
bottom-right-square	L
bottom-right-square	L
bottom-right-square	L
bottom-right-square	L
bottom-right-square	L
bottom-right-square	L
bottom-right-square	L
bottom-right-square	L
bottom-right-square	L
bottom-right-square	L
bottom-right-square	L
bottom-right-square	L
bottom-right-square	L
bottom-right-square	L
bottom-right-square	L
bottom-right-square	L
bottom-right-square	L
bottom-right-square	L
bottom-right-square	L
bottom-right-square	L
bottom-right-square	L
bottom-right-square	L
bottom-right-square	L
bottom-right-square	L
bottom-right-square	L
bottom-right-square	L
bottom-right-square	W
bottom-right-square	W
bottom-right-square	W
bottom-right-square	W
bottom-right-square	W
bottom-right-square	W
bottom-right-square	W
bottom-right-square	W
bottom-right-square	W
bottom-right-square	W
bottom-right-square	W
bottom-right-square	W
bottom-right-square	W
bottom-right-square	W
bottom-right-square	W
bottom-right-square	W
bottom-right-square	W
bottom-right-square	W
bottom-right-square	W
bottom-right-square	W
bottom-right-square	W
bottom-right-square	W
bottom-right-square	W
bottom-right-square	W
bottom-right-square	W
bottom-right-square	W
bottom-right-square	W
bottom-right-square	W
bottom-right-square	W
bottom-right-square	W
bottom-right-square	W
bottom-right-square	W
bottom-right-square	W
bottom-right-square	W
bottom-right-square	W
bottom-right-square	W
bottom-right-square	W
bottom-right-square	W
bottom-right-square	W
bottom-right-square	W
bottom-right-square	W
bottom-right-square	W
bottom-right-square	W
bottom-right-square	W
bottom-right-square	W
bottom-right-square	W
bottom-right-square	W
bottom-right-square	W
bottom-right-square	W
bottom-right-square	W
bottom-right-square	W
bottom-right-square	W
bottom-right-square	W
bottom-right-square	W
bottom-right-square	W
bottom-right-square	W
bottom-right-square	W
bottom-right-square	W
bottom-right-square	W
bottom-right-square	W
bottom-right-square	W
bottom-right-square	W
bottom-right-square	W
bottom-right-square	W
bottom-right-square	W
bottom-right-square	W
bottom-right-square	W
bottom-right-square	W
bottom-right-square	W
bottom-right-square	W
bottom-right-square	W
bottom-right-square	W
bottom-right-square	W
bottom-right-square	W
bottom-right-square	W
bottom-right-square	W
bottom-right-square	W
bottom-right-square	W
bottom-right-square	W
bottom-right-square	W
bottom-right-square	W
bottom-right-square	W
bottom-right-square	W
bottom-right-square	W
bottom-right-square	W
bottom-right-square	W
bottom-right-square	W
bottom-right-square	W
bottom-right-square	W
bottom-right-square	W
bottom-right-square	W
bottom-right-square	W
bottom-right-square	W
bottom-right-square	W
bottom-right-square	W
bottom-right-square	W
bottom-right-square	W
bottom-right-square	W
bottom-right-square	W
bottom-right-square	W
bottom-right-square	W
bottom-right-square	W
bottom-right-square	W
bottom-right-square	W
bottom-right-square	W
bottom-right-square	W
bottom-right-square	W
bottom-right-square	W
bottom-right-square	W
bottom-right-square	W
bottom-right-square	W
bottom-right-square	W
bottom-right-square	W
bottom-right-square	W
bottom-right-square	W
bottom-right-square	W
bottom-right-square	W
bottom-right-square	W
bottom-right-square	W
bottom-right-square	W
bottom-right-square	W
bottom-right-square	W
bottom-right-square	W
bottom-right-square	W
bottom-right-square	W
bottom-right-square	W
bottom-right-square	W
bottom-right-square	W
bottom-right-square	W
bottom-right-square	W
bottom-right-square	W
bottom-right-square	W
bottom-right-square	W
bottom-right-square	W
bottom-right-square	W
bottom-right-square	W
bottom-right-square	W
bottom-right-square	W
bottom-right-square	W
bottom-right-square	W
bottom-right-square	W
bottom-right-square	W
bottom-right-square	W
bottom-right-square	W
bottom-right-square	W
bottom-right-square	W
bottom-right-square	W
bottom-right-square	W
bottom-right-square	W
bottom-right-square	W
bottom-right-square	W
bottom-right-square	W
bottom-right-square	W
bottom-right-square	W
bottom-right-square	W
bottom-right-square	W
bottom-right-square	W
bottom-right-square	W
bottom-right-square	W
bottom-right-square	W
bottom-right-square	W
bottom-right-square	W
bottom-right-square	W
bottom-right-square	W
bottom-right-square	W
bottom-right-square	W
bottom-right-square	W
bottom-right-square	W
bottom-right-square	W
bottom-right-square	W
bottom-right-square	W
bottom-right-square	W
bottom-right-square	W
bottom-right-square	W
bottom-right-square	W
bottom-right-square	W
bottom-right-square	W
bottom-right-square	W
bottom-right-square	W
bottom-right-square	W
bottom-right-square	W
bottom-right-square	W
bottom-right-square	W
bottom-right-square	W
bottom-right-square	W
bottom-right-square	W
bottom-right-square	W
bottom-right-square	W
bottom-right-square	W
bottom-right-square	W
bottom-right-square	W
bottom-right-square	W
bottom-right-square	W
bottom-right-square	W
bottom-right-square	W
bottom-right-square	W
bottom-right-square	W
bottom-right-square	W
bottom-right-square	W
bottom-right-square	W
bottom-right-square	W
bottom-right-square	W
bottom-right-square	W
bottom-right-square	W
bottom-right-square	W
bottom-right-square	W
bottom-right-square	W
bottom-right-square	W
bottom-right-square	W
bottom-right-square	W
bottom-right-square	W
bottom-right-square	W
bottom-right-square	W
bottom-right-square	W
bottom-right-square	W
bottom-right-square	W
bottom-right-square	W
bottom-right-square	W
bottom-right-square	W
bottom-right-square	W
bottom-right-square	W
bottom-right-square	W
bottom-right-square	W
bottom-right-square	W
bottom-right-square	W
bottom-right-square	W
bottom-right-square	W
bottom-right-square	W
bottom-right-square	W
bottom-right-square	W
bottom-right-square	W
bottom-right-square	W
bottom-right-square	W
bottom-right-square	W
bottom-right-square	W
bottom-right-square	W
bottom-right-square	W
bottom-right-square	W
bottom-right-square	W
bottom-right-square	W
bottom-right-square	W
bottom-right-square	W
bottom-right-square	W
bottom-right-square	W
bottom-right-square	W
bottom-right-square	W
bottom-right-square	W
bottom-right-square	W
bottom-right-square	W
bottom-right-square	W
bottom-right-square	W
bottom-right-square	W
bottom-right-square	W
bottom-right-square	W
bottom-right-square	W
bottom-right-square	W
bottom-right-square	W
bottom-right-square	W
bottom-right-square	W
bottom-right-square	W
bottom-right-square	W
bottom-right-square	W
bottom-right-square	W
bottom-right-square	W
bottom-right-square	W
bottom-right-square	W
bottom-right-square	W
bottom-right-square	W
bottom-right-square	W
bottom-right-square	W
bottom-right-square	W
bottom-right-square	W
bottom-right-square	W
bottom-right-square	W
bottom-right-square	W
bottom-right-square	W
bottom-right-square	W
bottom-right-square	W
bottom-right-square	W
bottom-right-square	W
bottom-right-square	W
bottom-right-square	W
bottom-right-square	W
bottom-right-square	W
bottom-right-square	W
bottom-right-square	W
bottom-right-square	W
bottom-right-square	W
bottom-right-square	W
bottom-right-square	W
bottom-right-square	W
bottom-right-square	W
bottom-right-square	W
bottom-right-square	W
bottom-right-square	W
middle-left-square	L
middle-left-square	L
middle-left-square	L
middle-left-square	L
middle-left-square	L
middle-left-square	L
middle-left-square	L
middle-left-square	L
middle-left-square	L
middle-left-square	L
middle-left-square	L
middle-left-square	L
middle-left-square	L
middle-left-square	L
middle-left-square	L
middle-left-square	L
middle-left-square	L
middle-left-square	L
middle-left-square	L
middle-left-square	L
middle-left-square	L
middle-left-square	L
middle-left-square	L
middle-left-square	L
middle-left-square	L
middle-left-square	L
middle-left-square	L
middle-left-square	L
middle-left-square	L
middle-left-square	L
middle-left-square	L
middle-left-square	L
middle-left-square	L
middle-left-square	L
middle-left-square	L
middle-left-square	L
middle-left-square	L
middle-left-square	L
middle-left-square	L
middle-left-square	L
middle-left-square	L
middle-left-square	L
middle-left-square	L
middle-left-square	L
middle-left-square	L
middle-left-square	L
middle-left-square	L
middle-left-square	L
middle-left-square	L
middle-left-square	L
middle-left-square	L
middle-left-square	L
middle-left-square	L
middle-left-square	L
middle-left-square	L
middle-left-square	L
middle-left-square	L
middle-left-square	L
middle-left-square	L
middle-left-square	L
middle-left-square	L
middle-left-square	L
middle-left-square	L
middle-left-square	L
middle-left-square	L
middle-left-square	L
middle-left-square	L
middle-left-square	L
middle-left-square	L
middle-left-square	L
middle-left-square	L
middle-left-square	L
middle-left-square	L
middle-left-square	L
middle-left-square	L
middle-left-square	L
middle-left-square	L
middle-left-square	L
middle-left-square	L
middle-left-square	L
middle-left-square	L
middle-left-square	L
middle-left-square	L
middle-left-square	L
middle-left-square	L
middle-left-square	L
middle-left-square	L
middle-left-square	L
middle-left-square	L
middle-left-square	L
middle-left-square	L
middle-left-square	L
middle-left-square	L
middle-left-square	L
middle-left-square	L
middle-left-square	L
middle-left-square	L
middle-left-square	L
middle-left-square	L
middle-left-square	L
middle-left-square	L
middle-left-square	L
middle-left-square	L
middle-left-square	L
middle-left-square	L
middle-left-square	L
middle-left-square	L
middle-left-square	L
middle-left-square	L
middle-left-square	L
middle-left-square	L
middle-left-square	L
middle-left-square	L
middle-left-square	L
middle-left-square	L
middle-left-square	L
middle-left-square	L
middle-left-square	L
middle-left-square	L
middle-left-square	L
middle-left-square	L
middle-left-square	L
middle-left-square	L
middle-left-square	L
middle-left-square	L
middle-left-square	L
middle-left-square	L
middle-left-square	L
middle-left-square	L
middle-left-square	L
middle-left-square	L
middle-left-square	L
middle-left-square	L
middle-left-square	L
middle-left-square	L
middle-left-square	L
middle-left-square	L
middle-left-square	L
middle-left-square	L
middle-left-square	L
middle-left-square	L
middle-left-square	L
middle-left-square	L
middle-left-square	L
middle-left-square	L
middle-left-square	L
middle-left-square	L
middle-left-square	L
middle-left-square	L
middle-left-square	L
middle-left-square	L
middle-left-square	L
middle-left-square	L
middle-left-square	W
middle-left-square	W
middle-left-square	W
middle-left-square	W
middle-left-square	W
middle-left-square	W
middle-left-square	W
middle-left-square	W
middle-left-square	W
middle-left-square	W
middle-left-square	W
middle-left-square	W
middle-left-square	W
middle-left-square	W
middle-left-square	W
middle-left-square	W
middle-left-square	W
middle-left-square	W
middle-left-square	W
middle-left-square	W
middle-left-square	W
middle-left-square	W
middle-left-square	W
middle-left-square	W
middle-left-square	W
middle-left-square	W
middle-left-square	W
middle-left-square	W
middle-left-square	W
middle-left-square	W
middle-left-square	W
middle-left-square	W
middle-left-square	W
middle-left-square	W
middle-left-square	W
middle-left-square	W
middle-left-square	W
middle-left-square	W
middle-left-square	W
middle-left-square	W
middle-left-square	W
middle-left-square	W
middle-left-square	W
middle-left-square	W
middle-left-square	W
middle-left-square	W
middle-left-square	W
middle-left-square	W
middle-left-square	W
middle-left-square	W
middle-left-square	W
middle-left-square	W
middle-left-square	W
middle-left-square	W
middle-left-square	W
middle-left-square	W
middle-left-square	W
middle-left-square	W
middle-left-square	W
middle-left-square	W
middle-left-square	W
middle-left-square	W
middle-left-square	W
middle-left-square	W
middle-left-square	W
middle-left-square	W
middle-left-square	W
middle-left-square	W
middle-left-square	W
middle-left-square	W
middle-left-square	W
middle-left-square	W
middle-left-square	W
middle-left-square	W
middle-left-square	W
middle-left-square	W
middle-left-square	W
middle-left-square	W
middle-left-square	W
middle-left-square	W
middle-left-square	W
middle-left-square	W
middle-left-square	W
middle-left-square	W
middle-left-square	W
middle-left-square	W
middle-left-square	W
middle-left-square	W
middle-left-square	W
middle-left-square	W
middle-left-square	W
middle-left-square	W
middle-left-square	W
middle-left-square	W
middle-left-square	W
middle-left-square	W
middle-left-square	W
middle-left-square	W
middle-left-square	W
middle-left-square	W
middle-left-square	W
middle-left-square	W
middle-left-square	W
middle-left-square	W
middle-left-square	W
middle-left-square	W
middle-left-square	W
middle-left-square	W
middle-left-square	W
middle-left-square	W
middle-left-square	W
middle-left-square	W
middle-left-square	W
middle-left-square	W
middle-left-square	W
middle-left-square	W
middle-left-square	W
middle-left-square	W
middle-left-square	W
middle-left-square	W
middle-left-square	W
middle-left-square	W
middle-left-square	W
middle-left-square	W
middle-left-square	W
middle-left-square	W
middle-left-square	W
middle-left-square	W
middle-left-square	W
middle-left-square	W
middle-left-square	W
middle-left-square	W
middle-left-square	W
middle-left-square	W
middle-left-square	W
middle-left-square	W
middle-left-square	W
middle-left-square	W
middle-left-square	W
middle-left-square	W
middle-left-square	W
middle-left-square	W
middle-left-square	W
middle-left-square	W
middle-left-square	W
middle-left-square	W
middle-left-square	W
middle-left-square	W
middle-left-square	W
middle-left-square	W
middle-left-square	W
middle-left-square	W
middle-left-square	W
middle-left-square	W
middle-left-square	W
middle-left-square	W
middle-left-square	W
middle-left-square	W
middle-left-square	W
middle-left-square	W
middle-left-square	W
middle-left-square	W
middle-left-square	W
middle-left-square	W
middle-left-square	W
middle-left-square	W
middle-left-square	W
middle-left-square	W
middle-left-square	W
middle-left-square	W
middle-left-square	W
middle-left-square	W
middle-left-square	W
middle-left-square	W
middle-left-square	W
middle-left-square	W
middle-left-square	W
middle-left-square	W
middle-left-square	W
middle-left-square	W
middle-left-square	W
middle-left-square	W
middle-left-square	W
middle-left-square	W
middle-left-square	W
middle-left-square	W
middle-left-square	W
middle-left-square	W
middle-left-square	W
middle-left-square	W
middle-left-square	W
middle-left-square	W
middle-left-square	W
middle-left-square	W
middle-left-square	W
middle-left-square	W
middle-left-square	W
middle-left-square	W
middle-left-square	W
middle-left-square	W
middle-left-square	W
middle-left-square	W
middle-left-square	W
middle-left-square	W
middle-left-square	W
middle-left-square	W
middle-left-square	W
middle-left-square	W
middle-left-square	W
middle-left-square	W
middle-left-square	W
middle-left-square	W
middle-left-square	W
middle-left-square	W
middle-left-square	W
middle-left-square	W
middle-left-square	W
middle-left-square	W
middle-left-square	W
middle-left-square	W
middle-left-square	W
middle-left-square	W
middle-left-square	W
middle-left-square	W
middle-left-square	W
middle-middle-square	L
middle-middle-square	L
middle-middle-square	L
middle-middle-square	L
middle-middle-square	L
middle-middle-square	L
middle-middle-square	L
middle-middle-square	L
middle-middle-square	L
middle-middle-square	L
middle-middle-square	L
middle-middle-square	L
middle-middle-square	L
middle-middle-square	L
middle-middle-square	L
middle-middle-square	L
middle-middle-square	L
middle-middle-square	L
middle-middle-square	L
middle-middle-square	L
middle-middle-square	L
middle-middle-square	L
middle-middle-square	L
middle-middle-square	L
middle-middle-square	L
middle-middle-square	L
middle-middle-square	L
middle-middle-square	L
middle-middle-square	L
middle-middle-square	L
middle-middle-square	L
middle-middle-square	L
middle-middle-square	L
middle-middle-square	L
middle-middle-square	L
middle-middle-square	L
middle-middle-square	L
middle-middle-square	L
middle-middle-square	L
middle-middle-square	L
middle-middle-square	L
middle-middle-square	L
middle-middle-square	L
middle-middle-square	L
middle-middle-square	L
middle-middle-square	L
middle-middle-square	L
middle-middle-square	L
middle-middle-square	L
middle-middle-square	L
middle-middle-square	L
middle-middle-square	L
middle-middle-square	L
middle-middle-square	L
middle-middle-square	L
middle-middle-square	L
middle-middle-square	L
middle-middle-square	L
middle-middle-square	L
middle-middle-square	L
middle-middle-square	L
middle-middle-square	L
middle-middle-square	L
middle-middle-square	L
middle-middle-square	L
middle-middle-square	L
middle-middle-square	L
middle-middle-square	L
middle-middle-square	L
middle-middle-square	L
middle-middle-square	L
middle-middle-square	L
middle-middle-square	L
middle-middle-square	L
middle-middle-square	L
middle-middle-square	L
middle-middle-square	L
middle-middle-square	L
middle-middle-square	L
middle-middle-square	L
middle-middle-square	L
middle-middle-square	L
middle-middle-square	L
middle-middle-square	L
middle-middle-square	L
middle-middle-square	L
middle-middle-square	L
middle-middle-square	L
middle-middle-square	L
middle-middle-square	L
middle-middle-square	L
middle-middle-square	L
middle-middle-square	W
middle-middle-square	W
middle-middle-square	W
middle-middle-square	W
middle-middle-square	W
middle-middle-square	W
middle-middle-square	W
middle-middle-square	W
middle-middle-square	W
middle-middle-square	W
middle-middle-square	W
middle-middle-square	W
middle-middle-square	W
middle-middle-square	W
middle-middle-square	W
middle-middle-square	W
middle-middle-square	W
middle-middle-square	W
middle-middle-square	W
middle-middle-square	W
middle-middle-square	W
middle-middle-square	W
middle-middle-square	W
middle-middle-square	W
middle-middle-square	W
middle-middle-square	W
middle-middle-square	W
middle-middle-square	W
middle-middle-square	W
middle-middle-square	W
middle-middle-square	W
middle-middle-square	W
middle-middle-square	W
middle-middle-square	W
middle-middle-square	W
middle-middle-square	W
middle-middle-square	W
middle-middle-square	W
middle-middle-square	W
middle-middle-square	W
middle-middle-square	W
middle-middle-square	W
middle-middle-square	W
middle-middle-square	W
middle-middle-square	W
middle-middle-square	W
middle-middle-square	W
middle-middle-square	W
middle-middle-square	W
middle-middle-square	W
middle-middle-square	W
middle-middle-square	W
middle-middle-square	W
middle-middle-square	W
middle-middle-square	W
middle-middle-square	W
middle-middle-square	W
middle-middle-square	W
middle-middle-square	W
middle-middle-square	W
middle-middle-square	W
middle-middle-square	W
middle-middle-square	W
middle-middle-square	W
middle-middle-square	W
middle-middle-square	W
middle-middle-square	W
middle-middle-square	W
middle-middle-square	W
middle-middle-square	W
middle-middle-square	W
middle-middle-square	W
middle-middle-square	W
middle-middle-square	W
middle-middle-square	W
middle-middle-square	W
middle-middle-square	W
middle-middle-square	W
middle-middle-square	W
middle-middle-square	W
middle-middle-square	W
middle-middle-square	W
middle-middle-square	W
middle-middle-square	W
middle-middle-square	W
middle-middle-square	W
middle-middle-square	W
middle-middle-square	W
middle-middle-square	W
middle-middle-square	W
middle-middle-square	W
middle-middle-square	W
middle-middle-square	W
middle-middle-square	W
middle-middle-square	W
middle-middle-square	W
middle-middle-square	W
middle-middle-square	W
middle-middle-square	W
middle-middle-square	W
middle-middle-square	W
middle-middle-square	W
middle-middle-square	W
middle-middle-square	W
middle-middle-square	W
middle-middle-square	W
middle-middle-square	W
middle-middle-square	W
middle-middle-square	W
middle-middle-square	W
middle-middle-square	W
middle-middle-square	W
middle-middle-square	W
middle-middle-square	W
middle-middle-square	W
middle-middle-square	W
middle-middle-square	W
middle-middle-square	W
middle-middle-square	W
middle-middle-square	W
middle-middle-square	W
middle-middle-square	W
middle-middle-square	W
middle-middle-square	W
middle-middle-square	W
middle-middle-square	W
middle-middle-square	W
middle-middle-square	W
middle-middle-square	W
middle-middle-square	W
middle-middle-square	W
middle-middle-square	W
middle-middle-square	W
middle-middle-square	W
middle-middle-square	W
middle-middle-square	W
middle-middle-square	W
middle-middle-square	W
middle-middle-square	W
middle-middle-square	W
middle-middle-square	W
middle-middle-square	W
middle-middle-square	W
middle-middle-square	W
middle-middle-square	W
middle-middle-square	W
middle-middle-square	W
middle-middle-square	W
middle-middle-square	W
middle-middle-square	W
middle-middle-square	W
middle-middle-square	W
middle-middle-square	W
middle-middle-square	W
middle-middle-square	W
middle-middle-square	W
middle-middle-square	W
middle-middle-square	W
middle-middle-square	W
middle-middle-square	W
middle-middle-square	W
middle-middle-square	W
middle-middle-square	W
middle-middle-square	W
middle-middle-square	W
middle-middle-square	W
middle-middle-square	W
middle-middle-square	W
middle-middle-square	W
middle-middle-square	W
middle-middle-square	W
middle-middle-square	W
middle-middle-square	W
middle-middle-square	W
middle-middle-square	W
middle-middle-square	W
middle-middle-square	W
middle-middle-square	W
middle-middle-square	W
middle-middle-square	W
middle-middle-square	W
middle-middle-square	W
middle-middle-square	W
middle-middle-square	W
middle-middle-square	W
middle-middle-square	W
middle-middle-square	W
middle-middle-square	W
middle-middle-square	W
middle-middle-square	W
middle-middle-square	W
middle-middle-square	W
middle-middle-square	W
middle-middle-square	W
middle-middle-square	W
middle-middle-square	W
middle-middle-square	W
middle-middle-square	W
middle-middle-square	W
middle-middle-square	W
middle-middle-square	W
middle-middle-square	W
middle-middle-square	W
middle-middle-square	W
middle-middle-square	W
middle-middle-square	W
middle-middle-square	W
middle-middle-square	W
middle-middle-square	W
middle-middle-square	W
middle-middle-square	W
middle-middle-square	W
middle-middle-square	W
middle-middle-square	W
middle-middle-square	W
middle-middle-square	W
middle-middle-square	W
middle-middle-square	W
middle-middle-square	W
middle-middle-square	W
middle-middle-square	W
middle-middle-square	W
middle-middle-square	W
middle-middle-square	W
middle-middle-square	W
middle-middle-square	W
middle-middle-square	W
middle-middle-square	W
middle-middle-square	W
middle-middle-square	W
middle-middle-square	W
middle-middle-square	W
middle-middle-square	W
middle-middle-square	W
middle-middle-square	W
middle-middle-square	W
middle-middle-square	W
middle-middle-square	W
middle-middle-square	W
middle-middle-square	W
middle-middle-square	W
middle-middle-square	W
middle-middle-square	W
middle-middle-square	W
middle-middle-square	W
middle-middle-square	W
middle-middle-square	W
middle-middle-square	W
middle-middle-square	W
middle-middle-square	W
middle-middle-square	W
middle-middle-square	W
middle-middle-square	W
middle-middle-square	W
middle-middle-square	W
middle-middle-square	W
middle-middle-square	W
middle-middle-square	W
middle-middle-square	W
middle-middle-square	W
middle-middle-square	W
middle-middle-square	W
middle-middle-square	W
middle-middle-square	W
middle-middle-square	W
middle-middle-square	W
middle-middle-square	W
middle-middle-square	W
middle-middle-square	W
middle-middle-square	W
middle-middle-square	W
middle-middle-square	W
middle-middle-square	W
middle-middle-square	W
middle-middle-square	W
middle-middle-square	W
middle-middle-square	W
middle-middle-square	W
middle-middle-square	W
middle-middle-square	W
middle-middle-square	W
middle-middle-square	W
middle-middle-square	W
middle-middle-square	W
middle-middle-square	W
middle-middle-square	W
middle-middle-square	W
middle-middle-square	W
middle-middle-square	W
middle-middle-square	W
middle-middle-square	W
middle-middle-square	W
middle-middle-square	W
middle-middle-square	W
middle-middle-square	W
middle-middle-square	W
middle-middle-square	W
middle-middle-square	W
middle-middle-square	W
middle-middle-square	W
middle-middle-square	W
middle-middle-square	W
middle-middle-square	W
middle-middle-square	W
middle-middle-square	W
middle-middle-square	W
middle-middle-square	W
middle-middle-square	W
middle-middle-square	W
middle-middle-square	W
middle-middle-square	W
middle-middle-square	W
middle-middle-square	W
middle-middle-square	W
middle-middle-square	W
middle-middle-square	W
middle-middle-square	W
middle-middle-square	W
middle-middle-square	W
middle-middle-square	W
middle-middle-square	W
middle-middle-square	W
middle-middle-square	W
middle-middle-square	W
middle-middle-square	W
middle-middle-square	W
middle-middle-square	W
middle-middle-square	W
middle-middle-square	W
middle-middle-square	W
middle-middle-square	W
middle-middle-square	W
middle-middle-square	W
middle-middle-square	W
middle-middle-square	W
middle-middle-square	W
middle-middle-square	W
middle-middle-square	W
middle-middle-square	W
middle-middle-square	W
middle-middle-square	W
middle-middle-square	W
middle-middle-square	W
middle-middle-square	W
middle-middle-square	W
middle-middle-square	W
middle-middle-square	W
middle-middle-square	W
middle-middle-square	W
middle-middle-square	W
middle-middle-square	W
middle-middle-square	W
middle-middle-square	W
middle-middle-square	W
middle-middle-square	W
middle-middle-square	W
middle-middle-square	W
middle-middle-square	W
middle-middle-square	W
middle-middle-square	W
middle-middle-square	W
middle-middle-square	W
middle-middle-square	W
middle-middle-square	W
middle-middle-square	W
middle-middle-square	W
middle-right-square	L
middle-right-square	L
middle-right-square	L
middle-right-square	L
middle-right-square	L
middle-right-square	L
middle-right-square	L
middle-right-square	L
middle-right-square	L
middle-right-square	L
middle-right-square	L
middle-right-square	L
middle-right-square	L
middle-right-square	L
middle-right-square	L
middle-right-square	L
middle-right-square	L
middle-right-square	L
middle-right-square	L
middle-right-square	L
middle-right-square	L
middle-right-square	L
middle-right-square	L
middle-right-square	L
middle-right-square	L
middle-right-square	L
middle-right-square	L
middle-right-square	L
middle-right-square	L
middle-right-square	L
middle-right-square	L
middle-right-square	L
middle-right-square	L
middle-right-square	L
middle-right-square	L
middle-right-square	L
middle-right-square	L
middle-right-square	L
middle-right-square	L
middle-right-square	L
middle-right-square	L
middle-right-square	L
middle-right-square	L
middle-right-square	L
middle-right-square	L
middle-right-square	L
middle-right-square	L
middle-right-square	L
middle-right-square	L
middle-right-square	L
middle-right-square	L
middle-right-square	L
middle-right-square	L
middle-right-square	L
middle-right-square	L
middle-right-square	L
middle-right-square	L
middle-right-square	L
middle-right-square	L
middle-right-square	L
middle-right-square	L
middle-right-square	L
middle-right-square	L
middle-right-square	L
middle-right-square	L
middle-right-square	L
middle-right-square	L
middle-right-square	L
middle-right-square	L
middle-right-square	L
middle-right-square	L
middle-right-square	L
middle-right-square	L
middle-right-square	L
middle-right-square	L
middle-right-square	L
middle-right-square	L
middle-right-square	L
middle-right-square	L
middle-right-square	L
middle-right-square	L
middle-right-square	L
middle-right-square	L
middle-right-square	L
middle-right-square	L
middle-right-square	L
middle-right-square	L
middle-right-square	L
middle-right-square	L
middle-right-square	L
middle-right-square	L
middle-right-square	L
middle-right-square	L
middle-right-square	L
middle-right-square	L
middle-right-square	L
middle-right-square	L
middle-right-square	L
middle-right-square	L
middle-right-square	L
middle-right-square	L
middle-right-square	L
middle-right-square	L
middle-right-square	L
middle-right-square	L
middle-right-square	L
middle-right-square	L
middle-right-square	L
middle-right-square	L
middle-right-square	L
middle-right-square	L
middle-right-square	L
middle-right-square	L
middle-right-square	L
middle-right-square	L
middle-right-square	L
middle-right-square	L
middle-right-square	L
middle-right-square	L
middle-right-square	L
middle-right-square	L
middle-right-square	L
middle-right-square	L
middle-right-square	L
middle-right-square	L
middle-right-square	L
middle-right-square	L
middle-right-square	L
middle-right-square	L
middle-right-square	L
middle-right-square	L
middle-right-square	L
middle-right-square	L
middle-right-square	L
middle-right-square	L
middle-right-square	L
middle-right-square	L
middle-right-square	L
middle-right-square	L
middle-right-square	L
middle-right-square	L
middle-right-square	L
middle-right-square	L
middle-right-square	L
middle-right-square	L
middle-right-square	L
middle-right-square	L
middle-right-square	L
middle-right-square	L
middle-right-square	L
middle-right-square	L
middle-right-square	L
middle-right-square	L
middle-right-square	W
middle-right-square	W
middle-right-square	W
middle-right-square	W
middle-right-square	W
middle-right-square	W
middle-right-square	W
middle-right-square	W
middle-right-square	W
middle-right-square	W
middle-right-square	W
middle-right-square	W
middle-right-square	W
middle-right-square	W
middle-right-square	W
middle-right-square	W
middle-right-square	W
middle-right-square	W
middle-right-square	W
middle-right-square	W
middle-right-square	W
middle-right-square	W
middle-right-square	W
middle-right-square	W
middle-right-square	W
middle-right-square	W
middle-right-square	W
middle-right-square	W
middle-right-square	W
middle-right-square	W
middle-right-square	W
middle-right-square	W
middle-right-square	W
middle-right-square	W
middle-right-square	W
middle-right-square	W
middle-right-square	W
middle-right-square	W
middle-right-square	W
middle-right-square	W
middle-right-square	W
middle-right-square	W
middle-right-square	W
middle-right-square	W
middle-right-square	W
middle-right-square	W
middle-right-square	W
middle-right-square	W
middle-right-square	W
middle-right-square	W
middle-right-square	W
middle-right-square	W
middle-right-square	W
middle-right-square	W
middle-right-square	W
middle-right-square	W
middle-right-square	W
middle-right-square	W
middle-right-square	W
middle-right-square	W
middle-right-square	W
middle-right-square	W
middle-right-square	W
middle-right-square	W
middle-right-square	W
middle-right-square	W
middle-right-square	W
middle-right-square	W
middle-right-square	W
middle-right-square	W
middle-right-square	W
middle-right-square	W
middle-right-square	W
middle-right-square	W
middle-right-square	W
middle-right-square	W
middle-right-square	W
middle-right-square	W
middle-right-square	W
middle-right-square	W
middle-right-square	W
middle-right-square	W
middle-right-square	W
middle-right-square	W
middle-right-square	W
middle-right-square	W
middle-right-square	W
middle-right-square	W
middle-right-square	W
middle-right-square	W
middle-right-square	W
middle-right-square	W
middle-right-square	W
middle-right-square	W
middle-right-square	W
middle-right-square	W
middle-right-square	W
middle-right-square	W
middle-right-square	W
middle-right-square	W
middle-right-square	W
middle-right-square	W
middle-right-square	W
middle-right-square	W
middle-right-square	W
middle-right-square	W
middle-right-square	W
middle-right-square	W
middle-right-square	W
middle-right-square	W
middle-right-square	W
middle-right-square	W
middle-right-square	W
middle-right-square	W
middle-right-square	W
middle-right-square	W
middle-right-square	W
middle-right-square	W
middle-right-square	W
middle-right-square	W
middle-right-square	W
middle-right-square	W
middle-right-square	W
middle-right-square	W
middle-right-square	W
middle-right-square	W
middle-right-square	W
middle-right-square	W
middle-right-square	W
middle-right-square	W
middle-right-square	W
middle-right-square	W
middle-right-square	W
middle-right-square	W
middle-right-square	W
middle-right-square	W
middle-right-square	W
middle-right-square	W
middle-right-square	W
middle-right-square	W
middle-right-square	W
middle-right-square	W
middle-right-square	W
middle-right-square	W
middle-right-square	W
middle-right-square	W
middle-right-square	W
middle-right-square	W
middle-right-square	W
middle-right-square	W
middle-right-square	W
middle-right-square	W
middle-right-square	W
middle-right-square	W
middle-right-square	W
middle-right-square	W
middle-right-square	W
middle-right-square	W
middle-right-square	W
middle-right-square	W
middle-right-square	W
middle-right-square	W
middle-right-square	W
middle-right-square	W
middle-right-square	W
middle-right-square	W
middle-right-square	W
middle-right-square	W
middle-right-square	W
middle-right-square	W
middle-right-square	W
middle-right-square	W
middle-right-square	W
middle-right-square	W
middle-right-square	W
middle-right-square	W
middle-right-square	W
middle-right-square	W
middle-right-square	W
middle-right-square	W
middle-right-square	W
middle-right-square	W
middle-right-square	W
middle-right-square	W
middle-right-square	W
middle-right-square	W
middle-right-square	W
middle-right-square	W
middle-right-square	W
middle-right-square	W
middle-right-square	W
middle-right-square	W
middle-right-square	W
middle-right-square	W
middle-right-square	W
middle-right-square	W
middle-right-square	W
middle-right-square	W
middle-right-square	W
middle-right-square	W
middle-right-square	W
middle-right-square	W
middle-right-square	W
middle-right-square	W
middle-right-square	W
middle-right-square	W
middle-right-square	W
middle-right-square	W
middle-right-square	W
middle-right-square	W
middle-right-square	W
middle-right-square	W
middle-right-square	W
middle-right-square	W
middle-right-square	W
middle-right-square	W
middle-right-square	W
middle-right-square	W
middle-right-square	W
middle-right-square	W
middle-right-square	W
middle-right-square	W
middle-right-square	W
middle-right-square	W
middle-right-square	W
top-left-square	L
top-left-square	L
top-left-square	L
top-left-square	L
top-left-square	L
top-left-square	L
top-left-square	L
top-left-square	L
top-left-square	L
top-left-square	L
top-left-square	L
top-left-square	L
top-left-square	L
top-left-square	L
top-left-square	L
top-left-square	L
top-left-square	L
top-left-square	L
top-left-square	L
top-left-square	L
top-left-square	L
top-left-square	L
top-left-square	L
top-left-square	L
top-left-square	L
top-left-square	L
top-left-square	L
top-left-square	L
top-left-square	L
top-left-square	L
top-left-square	L
top-left-square	L
top-left-square	L
top-left-square	L
top-left-square	L
top-left-square	L
top-left-square	L
top-left-square	L
top-left-square	L
top-left-square	L
top-left-square	L
top-left-square	L
top-left-square	L
top-left-square	L
top-left-square	L
top-left-square	L
top-left-square	L
top-left-square	L
top-left-square	L
top-left-square	L
top-left-square	L
top-left-square	L
top-left-square	L
top-left-square	L
top-left-square	L
top-left-square	L
top-left-square	L
top-left-square	L
top-left-square	L
top-left-square	L
top-left-square	L
top-left-square	L
top-left-square	L
top-left-square	L
top-left-square	L
top-left-square	L
top-left-square	L
top-left-square	L
top-left-square	L
top-left-square	L
top-left-square	L
top-left-square	L
top-left-square	L
top-left-square	L
top-left-square	L
top-left-square	L
top-left-square	L
top-left-square	L
top-left-square	L
top-left-square	L
top-left-square	L
top-left-square	L
top-left-square	L
top-left-square	L
top-left-square	L
top-left-square	L
top-left-square	L
top-left-square	L
top-left-square	L
top-left-square	L
top-left-square	L
top-left-square	L
top-left-square	L
top-left-square	L
top-left-square	L
top-left-square	L
top-left-square	L
top-left-square	L
top-left-square	L
top-left-square	L
top-left-square	L
top-left-square	L
top-left-square	L
top-left-square	L
top-left-square	L
top-left-square	L
top-left-square	L
top-left-square	L
top-left-square	L
top-left-square	L
top-left-square	L
top-left-square	L
top-left-square	L
top-left-square	L
top-left-square	L
top-left-square	L
top-left-square	L
top-left-square	L
top-left-square	L
top-left-square	L
top-left-square	L
top-left-square	L
top-left-square	L
top-left-square	W
top-left-square	W
top-left-square	W
top-left-square	W
top-left-square	W
top-left-square	W
top-left-square	W
top-left-square	W
top-left-square	W
top-left-square	W
top-left-square	W
top-left-square	W
top-left-square	W
top-left-square	W
top-left-square	W
top-left-square	W
top-left-square	W
top-left-square	W
top-left-square	W
top-left-square	W
top-left-square	W
top-left-square	W
top-left-square	W
top-left-square	W
top-left-square	W
top-left-square	W
top-left-square	W
top-left-square	W
top-left-square	W
top-left-square	W
top-left-square	W
top-left-square	W
top-left-square	W
top-left-square	W
top-left-square	W
top-left-square	W
top-left-square	W
top-left-square	W
top-left-square	W
top-left-square	W
top-left-square	W
top-left-square	W
top-left-square	W
top-left-square	W
top-left-square	W
top-left-square	W
top-left-square	W
top-left-square	W
top-left-square	W
top-left-square	W
top-left-square	W
top-left-square	W
top-left-square	W
top-left-square	W
top-left-square	W
top-left-square	W
top-left-square	W
top-left-square	W
top-left-square	W
top-left-square	W
top-left-square	W
top-left-square	W
top-left-square	W
top-left-square	W
top-left-square	W
top-left-square	W
top-left-square	W
top-left-square	W
top-left-square	W
top-left-square	W
top-left-square	W
top-left-square	W
top-left-square	W
top-left-square	W
top-left-square	W
top-left-square	W
top-left-square	W
top-left-square	W
top-left-square	W
top-left-square	W
top-left-square	W
top-left-square	W
top-left-square	W
top-left-square	W
top-left-square	W
top-left-square	W
top-left-square	W
top-left-square	W
top-left-square	W
top-left-square	W
top-left-square	W
top-left-square	W
top-left-square	W
top-left-square	W
top-left-square	W
top-left-square	W
top-left-square	W
top-left-square	W
top-left-square	W
top-left-square	W
top-left-square	W
top-left-square	W
top-left-square	W
top-left-square	W
top-left-square	W
top-left-square	W
top-left-square	W
top-left-square	W
top-left-square	W
top-left-square	W
top-left-square	W
top-left-square	W
top-left-square	W
top-left-square	W
top-left-square	W
top-left-square	W
top-left-square	W
top-left-square	W
top-left-square	W
top-left-square	W
top-left-square	W
top-left-square	W
top-left-square	W
top-left-square	W
top-left-square	W
top-left-square	W
top-left-square	W
top-left-square	W
top-left-square	W
top-left-square	W
top-left-square	W
top-left-square	W
top-left-square	W
top-left-square	W
top-left-square	W
top-left-square	W
top-left-square	W
top-left-square	W
top-left-square	W
top-left-square	W
top-left-square	W
top-left-square	W
top-left-square	W
top-left-square	W
top-left-square	W
top-left-square	W
top-left-square	W
top-left-square	W
top-left-square	W
top-left-square	W
top-left-square	W
top-left-square	W
top-left-square	W
top-left-square	W
top-left-square	W
top-left-square	W
top-left-square	W
top-left-square	W
top-left-square	W
top-left-square	W
top-left-square	W
top-left-square	W
top-left-square	W
top-left-square	W
top-left-square	W
top-left-square	W
top-left-square	W
top-left-square	W
top-left-square	W
top-left-square	W
top-left-square	W
top-left-square	W
top-left-square	W
top-left-square	W
top-left-square	W
top-left-square	W
top-left-square	W
top-left-square	W
top-left-square	W
top-left-square	W
top-left-square	W
top-left-square	W
top-left-square	W
top-left-square	W
top-left-square	W
top-left-square	W
top-left-square	W
top-left-square	W
top-left-square	W
top-left-square	W
top-left-square	W
top-left-square	W
top-left-square	W
top-left-square	W
top-left-square	W
top-left-square	W
top-left-square	W
top-left-square	W
top-left-square	W
top-left-square	W
top-left-square	W
top-left-square	W
top-left-square	W
top-left-square	W
top-left-square	W
top-left-square	W
top-left-square	W
top-left-square	W
top-left-square	W
top-left-square	W
top-left-square	W
top-left-square	W
top-left-square	W
top-left-square	W
top-left-square	W
top-left-square	W
top-left-square	W
top-left-square	W
top-left-square	W
top-left-square	W
top-left-square	W
top-left-square	W
top-left-square	W
top-left-square	W
top-left-square	W
top-left-square	W
top-left-square	W
top-left-square	W
top-left-square	W
top-left-square	W
top-left-square	W
top-left-square	W
top-left-square	W
top-left-square	W
top-left-square	W
top-left-square	W
top-left-square	W
top-left-square	W
top-left-square	W
top-left-square	W
top-left-square	W
top-left-square	W
top-left-square	W
top-left-square	W
top-left-square	W
top-left-square	W
top-left-square	W
top-left-square	W
top-left-square	W
top-left-square	W
top-left-square	W
top-left-square	W
top-left-square	W
top-left-square	W
top-left-square	W
top-left-square	W
top-left-square	W
top-left-square	W
top-left-square	W
top-left-square	W
top-left-square	W
top-left-square	W
top-left-square	W
top-left-square	W
top-left-square	W
top-left-square	W
top-left-square	W
top-left-square	W
top-left-square	W
top-left-square	W
top-left-square	W
top-left-square	W
top-left-square	W
top-left-square	W
top-left-square	W
top-left-square	W
top-left-square	W
top-left-square	W
top-left-square	W
top-left-square	W
top-left-square	W
top-left-square	W
top-left-square	W
top-left-square	W
top-left-square	W
top-left-square	W
top-left-square	W
top-left-square	W
top-left-square	W
top-left-square	W
top-left-square	W
top-left-square	W
top-left-square	W
top-left-square	W
top-left-square	W
top-middle-square	L
top-middle-square	L
top-middle-square	L
top-middle-square	L
top-middle-square	L
top-middle-square	L
top-middle-square	L
top-middle-square	L
top-middle-square	L
top-middle-square	L
top-middle-square	L
top-middle-square	L
top-middle-square	L
top-middle-square	L
top-middle-square	L
top-middle-square	L
top-middle-square	L
top-middle-square	L
top-middle-square	L
top-middle-square	L
top-middle-square	L
top-middle-square	L
top-middle-square	L
top-middle-square	L
top-middle-square	L
top-middle-square	L
top-middle-square	L
top-middle-square	L
top-middle-square	L
top-middle-square	L
top-middle-square	L
top-middle-square	L
top-middle-square	L
top-middle-square	L
top-middle-square	L
top-middle-square	L
top-middle-square	L
top-middle-square	L
top-middle-square	L
top-middle-square	L
top-middle-square	L
top-middle-square	L
top-middle-square	L
top-middle-square	L
top-middle-square	L
top-middle-square	L
top-middle-square	L
top-middle-square	L
top-middle-square	L
top-middle-square	L
top-middle-square	L
top-middle-square	L
top-middle-square	L
top-middle-square	L
top-middle-square	L
top-middle-square	L
top-middle-square	L
top-middle-square	L
top-middle-square	L
top-middle-square	L
top-middle-square	L
top-middle-square	L
top-middle-square	L
top-middle-square	L
top-middle-square	L
top-middle-square	L
top-middle-square	L
top-middle-square	L
top-middle-square	L
top-middle-square	L
top-middle-square	L
top-middle-square	L
top-middle-square	L
top-middle-square	L
top-middle-square	L
top-middle-square	L
top-middle-square	L
top-middle-square	L
top-middle-square	L
top-middle-square	L
top-middle-square	L
top-middle-square	L
top-middle-square	L
top-middle-square	L
top-middle-square	L
top-middle-square	L
top-middle-square	L
top-middle-square	L
top-middle-square	L
top-middle-square	L
top-middle-square	L
top-middle-square	L
top-middle-square	L
top-middle-square	L
top-middle-square	L
top-middle-square	L
top-middle-square	L
top-middle-square	L
top-middle-square	L
top-middle-square	L
top-middle-square	L
top-middle-square	L
top-middle-square	L
top-middle-square	L
top-middle-square	L
top-middle-square	L
top-middle-square	L
top-middle-square	L
top-middle-square	L
top-middle-square	L
top-middle-square	L
top-middle-square	L
top-middle-square	L
top-middle-square	L
top-middle-square	L
top-middle-square	L
top-middle-square	L
top-middle-square	L
top-middle-square	L
top-middle-square	L
top-middle-square	L
top-middle-square	L
top-middle-square	L
top-middle-square	L
top-middle-square	L
top-middle-square	L
top-middle-square	L
top-middle-square	L
top-middle-square	L
top-middle-square	L
top-middle-square	L
top-middle-square	L
top-middle-square	L
top-middle-square	L
top-middle-square	L
top-middle-square	L
top-middle-square	L
top-middle-square	L
top-middle-square	L
top-middle-square	L
top-middle-square	L
top-middle-square	L
top-middle-square	L
top-middle-square	L
top-middle-square	L
top-middle-square	L
top-middle-square	L
top-middle-square	L
top-middle-square	L
top-middle-square	L
top-middle-square	L
top-middle-square	L
top-middle-square	L
top-middle-square	W
top-middle-square	W
top-middle-square	W
top-middle-square	W
top-middle-square	W
top-middle-square	W
top-middle-square	W
top-middle-square	W
top-middle-square	W
top-middle-square	W
top-middle-square	W
top-middle-square	W
top-middle-square	W
top-middle-square	W
top-middle-square	W
top-middle-square	W
top-middle-square	W
top-middle-square	W
top-middle-square	W
top-middle-square	W
top-middle-square	W
top-middle-square	W
top-middle-square	W
top-middle-square	W
top-middle-square	W
top-middle-square	W
top-middle-square	W
top-middle-square	W
top-middle-square	W
top-middle-square	W
top-middle-square	W
top-middle-square	W
top-middle-square	W
top-middle-square	W
top-middle-square	W
top-middle-square	W
top-middle-square	W
top-middle-square	W
top-middle-square	W
top-middle-square	W
top-middle-square	W
top-middle-square	W
top-middle-square	W
top-middle-square	W
top-middle-square	W
top-middle-square	W
top-middle-square	W
top-middle-square	W
top-middle-square	W
top-middle-square	W
top-middle-square	W
top-middle-square	W
top-middle-square	W
top-middle-square	W
top-middle-square	W
top-middle-square	W
top-middle-square	W
top-middle-square	W
top-middle-square	W
top-middle-square	W
top-middle-square	W
top-middle-square	W
top-middle-square	W
top-middle-square	W
top-middle-square	W
top-middle-square	W
top-middle-square	W
top-middle-square	W
top-middle-square	W
top-middle-square	W
top-middle-square	W
top-middle-square	W
top-middle-square	W
top-middle-square	W
top-middle-square	W
top-middle-square	W
top-middle-square	W
top-middle-square	W
top-middle-square	W
top-middle-square	W
top-middle-square	W
top-middle-square	W
top-middle-square	W
top-middle-square	W
top-middle-square	W
top-middle-square	W
top-middle-square	W
top-middle-square	W
top-middle-square	W
top-middle-square	W
top-middle-square	W
top-middle-square	W
top-middle-square	W
top-middle-square	W
top-middle-square	W
top-middle-square	W
top-middle-square	W
top-middle-square	W
top-middle-square	W
top-middle-square	W
top-middle-square	W
top-middle-square	W
top-middle-square	W
top-middle-square	W
top-middle-square	W
top-middle-square	W
top-middle-square	W
top-middle-square	W
top-middle-square	W
top-middle-square	W
top-middle-square	W
top-middle-square	W
top-middle-square	W
top-middle-square	W
top-middle-square	W
top-middle-square	W
top-middle-square	W
top-middle-square	W
top-middle-square	W
top-middle-square	W
top-middle-square	W
top-middle-square	W
top-middle-square	W
top-middle-square	W
top-middle-square	W
top-middle-square	W
top-middle-square	W
top-middle-square	W
top-middle-square	W
top-middle-square	W
top-middle-square	W
top-middle-square	W
top-middle-square	W
top-middle-square	W
top-middle-square	W
top-middle-square	W
top-middle-square	W
top-middle-square	W
top-middle-square	W
top-middle-square	W
top-middle-square	W
top-middle-square	W
top-middle-square	W
top-middle-square	W
top-middle-square	W
top-middle-square	W
top-middle-square	W
top-middle-square	W
top-middle-square	W
top-middle-square	W
top-middle-square	W
top-middle-square	W
top-middle-square	W
top-middle-square	W
top-middle-square	W
top-middle-square	W
top-middle-square	W
top-middle-square	W
top-middle-square	W
top-middle-square	W
top-middle-square	W
top-middle-square	W
top-middle-square	W
top-middle-square	W
top-middle-square	W
top-middle-square	W
top-middle-square	W
top-middle-square	W
top-middle-square	W
top-middle-square	W
top-middle-square	W
top-middle-square	W
top-middle-square	W
top-middle-square	W
top-middle-square	W
top-middle-square	W
top-middle-square	W
top-middle-square	W
top-middle-square	W
top-middle-square	W
top-middle-square	W
top-middle-square	W
top-middle-square	W
top-middle-square	W
top-middle-square	W
top-middle-square	W
top-middle-square	W
top-middle-square	W
top-middle-square	W
top-middle-square	W
top-middle-square	W
top-middle-square	W
top-middle-square	W
top-middle-square	W
top-middle-square	W
top-middle-square	W
top-middle-square	W
top-middle-square	W
top-middle-square	W
top-middle-square	W
top-middle-square	W
top-middle-square	W
top-middle-square	W
top-middle-square	W
top-middle-square	W
top-middle-square	W
top-middle-square	W
top-middle-square	W
top-middle-square	W
top-middle-square	W
top-middle-square	W
top-middle-square	W
top-middle-square	W
top-middle-square	W
top-middle-square	W
top-middle-square	W
top-middle-square	W
top-middle-square	W
top-middle-square	W
top-middle-square	W
top-middle-square	W
top-middle-square	W
top-middle-square	W
top-middle-square	W
top-middle-square	W
top-right-square	L
top-right-square	L
top-right-square	L
top-right-square	L
top-right-square	L
top-right-square	L
top-right-square	L
top-right-square	L
top-right-square	L
top-right-square	L
top-right-square	L
top-right-square	L
top-right-square	L
top-right-square	L
top-right-square	L
top-right-square	L
top-right-square	L
top-right-square	L
top-right-square	L
top-right-square	L
top-right-square	L
top-right-square	L
top-right-square	L
top-right-square	L
top-right-square	L
top-right-square	L
top-right-square	L
top-right-square	L
top-right-square	L
top-right-square	L
top-right-square	L
top-right-square	L
top-right-square	L
top-right-square	L
top-right-square	L
top-right-square	L
top-right-square	L
top-right-square	L
top-right-square	L
top-right-square	L
top-right-square	L
top-right-square	L
top-right-square	L
top-right-square	L
top-right-square	L
top-right-square	L
top-right-square	L
top-right-square	L
top-right-square	L
top-right-square	L
top-right-square	L
top-right-square	L
top-right-square	L
top-right-square	L
top-right-square	L
top-right-square	L
top-right-square	L
top-right-square	L
top-right-square	L
top-right-square	L
top-right-square	L
top-right-square	L
top-right-square	L
top-right-square	L
top-right-square	L
top-right-square	L
top-right-square	L
top-right-square	L
top-right-square	L
top-right-square	L
top-right-square	L
top-right-square	L
top-right-square	L
top-right-square	L
top-right-square	L
top-right-square	L
top-right-square	L
top-right-square	L
top-right-square	L
top-right-square	L
top-right-square	L
top-right-square	L
top-right-square	L
top-right-square	L
top-right-square	L
top-right-square	L
top-right-square	L
top-right-square	L
top-right-square	L
top-right-square	L
top-right-square	L
top-right-square	L
top-right-square	L
top-right-square	L
top-right-square	L
top-right-square	L
top-right-square	L
top-right-square	L
top-right-square	L
top-right-square	L
top-right-square	L
top-right-square	L
top-right-square	L
top-right-square	L
top-right-square	L
top-right-square	L
top-right-square	L
top-right-square	L
top-right-square	L
top-right-square	L
top-right-square	L
top-right-square	L
top-right-square	L
top-right-square	L
top-right-square	L
top-right-square	L
top-right-square	L
top-right-square	L
top-right-square	L
top-right-square	L
top-right-square	L
top-right-square	L
top-right-square	L
top-right-square	W
top-right-square	W
top-right-square	W
top-right-square	W
top-right-square	W
top-right-square	W
top-right-square	W
top-right-square	W
top-right-square	W
top-right-square	W
top-right-square	W
top-right-square	W
top-right-square	W
top-right-square	W
top-right-square	W
top-right-square	W
top-right-square	W
top-right-square	W
top-right-square	W
top-right-square	W
top-right-square	W
top-right-square	W
top-right-square	W
top-right-square	W
top-right-square	W
top-right-square	W
top-right-square	W
top-right-square	W
top-right-square	W
top-right-square	W
top-right-square	W
top-right-square	W
top-right-square	W
top-right-square	W
top-right-square	W
top-right-square	W
top-right-square	W
top-right-square	W
top-right-square	W
top-right-square	W
top-right-square	W
top-right-square	W
top-right-square	W
top-right-square	W
top-right-square	W
top-right-square	W
top-right-square	W
top-right-square	W
top-right-square	W
top-right-square	W
top-right-square	W
top-right-square	W
top-right-square	W
top-right-square	W
top-right-square	W
top-right-square	W
top-right-square	W
top-right-square	W
top-right-square	W
top-right-square	W
top-right-square	W
top-right-square	W
top-right-square	W
top-right-square	W
top-right-square	W
top-right-square	W
top-right-square	W
top-right-square	W
top-right-square	W
top-right-square	W
top-right-square	W
top-right-square	W
top-right-square	W
top-right-square	W
top-right-square	W
top-right-square	W
top-right-square	W
top-right-square	W
top-right-square	W
top-right-square	W
top-right-square	W
top-right-square	W
top-right-square	W
top-right-square	W
top-right-square	W
top-right-square	W
top-right-square	W
top-right-square	W
top-right-square	W
top-right-square	W
top-right-square	W
top-right-square	W
top-right-square	W
top-right-square	W
top-right-square	W
top-right-square	W
top-right-square	W
top-right-square	W
top-right-square	W
top-right-square	W
top-right-square	W
top-right-square	W
top-right-square	W
top-right-square	W
top-right-square	W
top-right-square	W
top-right-square	W
top-right-square	W
top-right-square	W
top-right-square	W
top-right-square	W
top-right-square	W
top-right-square	W
top-right-square	W
top-right-square	W
top-right-square	W
top-right-square	W
top-right-square	W
top-right-square	W
top-right-square	W
top-right-square	W
top-right-square	W
top-right-square	W
top-right-square	W
top-right-square	W
top-right-square	W
top-right-square	W
top-right-square	W
top-right-square	W
top-right-square	W
top-right-square	W
top-right-square	W
top-right-square	W
top-right-square	W
top-right-square	W
top-right-square	W
top-right-square	W
top-right-square	W
top-right-square	W
top-right-square	W
top-right-square	W
top-right-square	W
top-right-square	W
top-right-square	W
top-right-square	W
top-right-square	W
top-right-square	W
top-right-square	W
top-right-square	W
top-right-square	W
top-right-square	W
top-right-square	W
top-right-square	W
top-right-square	W
top-right-square	W
top-right-square	W
top-right-square	W
top-right-square	W
top-right-square	W
top-right-square	W
top-right-square	W
top-right-square	W
top-right-square	W
top-right-square	W
top-right-square	W
top-right-square	W
top-right-square	W
top-right-square	W
top-right-square	W
top-right-square	W
top-right-square	W
top-right-square	W
top-right-square	W
top-right-square	W
top-right-square	W
top-right-square	W
top-right-square	W
top-right-square	W
top-right-square	W
top-right-square	W
top-right-square	W
top-right-square	W
top-right-square	W
top-right-square	W
top-right-square	W
top-right-square	W
top-right-square	W
top-right-square	W
top-right-square	W
top-right-square	W
top-right-square	W
top-right-square	W
top-right-square	W
top-right-square	W
top-right-square	W
top-right-square	W
top-right-square	W
top-right-square	W
top-right-square	W
top-right-square	W
top-right-square	W
top-right-square	W
top-right-square	W
top-right-square	W
top-right-square	W
top-right-square	W
top-right-square	W
top-right-square	W
top-right-square	W
top-right-square	W
top-right-square	W
top-right-square	W
top-right-square	W
top-right-square	W
top-right-square	W
top-right-square	W
top-right-square	W
top-right-square	W
top-right-square	W
top-right-square	W
top-right-square	W
top-right-square	W
top-right-square	W
top-right-square	W
top-right-square	W
top-right-square	W
top-right-square	W
top-right-square	W
top-right-square	W
top-right-square	W
top-right-square	W
top-right-square	W
top-right-square	W
top-right-square	W
top-right-square	W
top-right-square	W
top-right-square	W
top-right-square	W
top-right-square	W
top-right-square	W
top-right-square	W
top-right-square	W
top-right-square	W
top-right-square	W
top-right-square	W
top-right-square	W
top-right-square	W
top-right-square	W
top-right-square	W
top-right-square	W
top-right-square	W
top-right-square	W
top-right-square	W
top-right-square	W
top-right-square	W
top-right-square	W
top-right-square	W
top-right-square	W
top-right-square	W
top-right-square	W
top-right-square	W
top-right-square	W
top-right-square	W
top-right-square	W
top-right-square	W
top-right-square	W
top-right-square	W
top-right-square	W
top-right-square	W
top-right-square	W
top-right-square	W
top-right-square	W
top-right-square	W
top-right-square	W
top-right-square	W
top-right-square	W
top-right-square	W
top-right-square	W
top-right-square	W
top-right-square	W
top-right-square	W
top-right-square	W
top-right-square	W
top-right-square	W
top-right-square	W
top-right-square	W
top-right-square	W
top-right-square	W
top-right-square	W
top-right-square	W
top-right-square	W
top-right-square	W
top-right-square	W
top-right-square	W
top-right-square	W
